model,deployment,device,accuracy,total_tokens,duration_s,duration_ms,e2e_latency_ms_per_token_global,e2e_latency_ms_per_token_reported,prefill_latency_ms_per_token,decode_latency_ms_per_token,tokens_per_second_total,tokens_per_second_decode,avg_power_system_W,total_energy_system_J,energy_per_token_system_J,energy_delay_product_system,model_size_GB
Mistral-7B-Instruct-v0.2-GGUF_Q4_K_M,self-hosted,Orin,0.525146962769432,265236,2403.89900684357,2403899.00684357,9.06324558824431,9.61261189640353,1.14834015194036,148.858844431961,110.335750064753,6.71777349754364,24.1367242236025,58022.2473895751,0.218757059334235,1.9826489529083,4.37
Mistral-7B-Instruct-v0.2-GGUF_Q5_K_M,self-hosted,Orin,0.536903984323971,265194,2594.33782911301,2594337.82911301,9.78279232981518,10.4551256386416,1.17825751668895,162.496519854828,102.220303394593,6.15397794914859,24.1579063583815,62673.7703377188,0.236331781027168,2.31198473472414,5.13
TinyLlama-1.1B-Chat-v1.0-GGUF_Q4_K_M,self-hosted,Orin,0.260613977792293,303839,631.352496623993,631352.496623993,2.07791789936115,2.08511295305411,0.0763300938557605,36.8192753533638,481.250967763186,27.1596871584992,19.600223255814,12374.6498869458,0.0407276547347305,0.0846287227722975,0.653
TinyLlama-1.1B-Chat-v1.0-GGUF_Q5_K_M,self-hosted,Orin,0.251469627694317,303835,667.548453092575,667548.453092575,2.19707556105312,2.22519777604442,0.0799544730630244,39.1242754635315,455.150481725204,25.559578756471,19.7824711111111,13205.7579885708,0.0434635838154616,0.0954927777967347,0.764
phi-2-GGUF_Q4_K_M,self-hosted,Orin,0.273024167210973,240375,1361.73806214333,1361738.06214333,5.66505694079387,6.12608215516237,0.460618347688202,78.9334835812414,176.520732351168,12.6688948039492,21.6097626373626,29426.8362971794,0.122420535817699,0.693519306129761,1.79
phi-2-GGUF_Q5_K_M,self-hosted,Orin,0.305682560418027,240382,1473.43952846527,1473439.52846527,6.12957512819292,6.67661173047594,0.477057307335449,85.8994606006858,163.143444543246,11.6415166405831,21.0863797979798,31069.505506575,0.129250549153327,0.792250951395508,2.07
Llama-3.2-1B-Instruct-GGUF_F16,self-hosted,Orin,0.35532331809275,233886,360.216031312942,360216.031312942,1.54013507141489,1.26396706064963,0.0749052988301097,72.3791448445126,649.293700637128,13.8161344976959,19.817568,7138.60569523437,0.0305217315069494,0.0470075891341616,2.48
Llama-3.2-1B-Instruct-GGUF_Q4_K_M,self-hosted,Orin,0.346832135858916,233695,321.856383085251,321856.383085251,1.37724976180599,1.03190660801378,0.0661225658024758,66.5019838227411,726.084714430227,15.03714539803,18.5420454545454,5967.87568500232,0.0255370276856686,0.03517086529732,0.789
Llama-3.2-1B-Instruct-GGUF_Q5_K_M,self-hosted,Orin,0.350751143043762,233746,329.081519365311,329081.519365311,1.40785946867673,1.07611621473006,0.0668852756020362,67.9315318547046,710.298167003783,14.72070440188,18.5851181818182,6116.01892885659,0.0261652346087488,0.036836973294075,0.891
Llama-3.2-3B-Instruct-GGUF_F16,self-hosted,Orin,0.495754408883083,233718,658.77777338028,658777.77338028,2.81868650844299,2.68289098512235,0.279415154436625,149.103487389991,354.775175247278,6.70675124710147,23.4799545454545,15468.0721745247,0.0661826310961274,0.186548089363914,6.43
Llama-3.2-3B-Instruct-GGUF_Q4_K_M,self-hosted,Orin,0.491835401698237,233825,640.20606637001,640206.06637001,2.73797098843156,2.44891529045461,0.363900820848631,137.689222204385,365.233964941625,7.26273257986459,19.5022046511628,12485.4297252639,0.0533964705453388,0.146197987237778,2.02
Llama-3.2-3B-Instruct-GGUF_Q5_K_M,self-hosted,Orin,0.495101241018942,233695,650.008695840836,650008.695840836,2.78144032110587,2.49925387688612,0.372769435192534,144.049809038602,359.525959414586,6.9420432187593,19.6201227272727,12753.2503861917,0.054572200458682,0.15178931876725,2.32
Mistral-7B-Instruct-v0.2-GGUF_Q4_K_M,self-hosted,Server GPU,0.525146962769432,265265,615.524921417236,615524.921417236,2.32041513738049,2.39915218000673,0.218535946400575,37.7150386005715,430.957367882411,26.5146222065605,234.80660147619,246338.26922635,0.928649724714344,2.15485287855139,4.37
Mistral-7B-Instruct-v0.2-GGUF_Q5_K_M,self-hosted,Server GPU,0.53625081645983,265186,700.134146928787,700134.146928787,2.6401625535616,2.77240759590891,0.233324953809659,43.8450797666019,378.764556997065,22.8075762508187,233.93786212766,279266.5149321,1.05309675070366,2.78034660648519,5.13
TinyLlama-1.1B-Chat-v1.0-GGUF_Q4_K_M,self-hosted,Server GPU,0.263226649248857,303839,169.497636556625,169497.636556625,0.557853457115859,0.479437198699437,0.0577926733143712,7.73206434454605,1792.58546710469,129.3315672813,229.362064833333,66424.5637667938,0.218617635546437,0.121956603776075,0.653
TinyLlama-1.1B-Chat-v1.0-GGUF_Q5_K_M,self-hosted,Server GPU,0.262573481384716,303835,176.380289316177,176380.289316177,0.580513401405952,0.507084125140663,0.0567912760789162,8.21335656094056,1722.61311724775,121.752902431583,231.455638666667,69404.6932737432,0.228428894873017,0.132606034742138,0.764
phi-2-GGUF_Q4_K_M,self-hosted,Server GPU,0.293272370999347,240378,315.435325622559,315435.325622559,1.31224706762914,1.30627536975091,0.0968871249400654,16.8344179996208,762.051617159804,59.4021129820185,226.941424181818,122294.600699603,0.50875953997289,0.667618214457777,1.79
phi-2-GGUF_Q5_K_M,self-hosted,Server GPU,0.320052253429131,240377,339.669603824615,339669.603824615,1.41307031797807,1.42860458738776,0.0992347512461883,18.3772515923579,707.678865854938,54.4151009183465,237.295074347826,137486.048493373,0.57196008142781,0.80821981413396,2.07
Llama-3.2-1B-Instruct-GGUF_F16,self-hosted,Server GPU,0.353363814500326,233869,129.706243038177,129706.243038177,0.554610671094405,0.328048836107241,0.0658724829356778,15.7537647857065,1803.06664137333,63.4768903562218,219.228712888889,49563.8804053421,0.211930099351954,0.117538694626691,2.48
Llama-3.2-1B-Instruct-GGUF_Q4_K_M,self-hosted,Server GPU,0.348791639451339,233694,122.368649959564,122368.649959564,0.523627692450659,0.277200518932682,0.0595615590119951,14.4359431680347,1909.75384689806,69.2715389884802,210.653440444444,46823.1664346118,0.200361012412008,0.104914574586377,0.789
Llama-3.2-1B-Instruct-GGUF_Q5_K_M,self-hosted,Server GPU,0.339647289353364,233717,121.345261335373,121345.261335373,0.519197411122738,0.279894126086074,0.0583776501631801,14.6357568991465,1926.04966545875,68.3258137512736,206.516545555556,43809.6547915953,0.187447446234528,0.0973222288065358,0.891
Llama-3.2-3B-Instruct-GGUF_F16,self-hosted,Server GPU,0.496407576747224,233727,225.724608421326,225724.608421326,0.965761800824576,0.765393211067887,0.118692625152236,40.1038249483842,1035.45201223137,24.9352774027678,210.231826,81788.750338611,0.349932829063869,0.337951759164361,6.43
Llama-3.2-3B-Instruct-GGUF_Q4_K_M,self-hosted,Server GPU,0.49379490529066,233852,183.495051622391,183495.051622391,0.784663169963869,0.532206736765369,0.0863179392788439,29.6873694315348,1274.43218731172,33.6843586733478,231.642761076923,72772.8923607099,0.311192088845551,0.244180970901228,2.02
Llama-3.2-3B-Instruct-GGUF_Q5_K_M,self-hosted,Server GPU,0.497060744611365,233703,187.613177537918,187613.177537918,0.802784634933733,0.552034401566594,0.0903195587742921,31.7111088008056,1245.6641002883,31.5346904544251,225.872905230769,73814.1755113819,0.31584607605115,0.253556376857974,2.32
Mistral-7B-Instruct-v0.2-GGUF_Q4_K_M,self-hosted,Server CPU,0.525146962769432,265247,7972.99930000305,7972999.30000305,30.0587727665272,31.2884773455881,17.1737239623511,247.974551932541,33.2681579440122,4.03267186978138,212.2552039144,1692310.59223152,6.38013094297585,191.7789062356,4.37
Mistral-7B-Instruct-v0.2-GGUF_Q5_K_M,self-hosted,Server CPU,0.536903984323971,265182,9743.70071220398,9743700.71220398,36.7434468108845,38.1979204279303,21.6844700552507,288.86720997769,27.2157374115422,3.46179824313473,214.363348865154,2088692.31500783,7.87644830722987,289.407859435382,5.13
TinyLlama-1.1B-Chat-v1.0-GGUF_Q4_K_M,self-hosted,Server CPU,0.260613977792293,303839,1973.09860658646,1973098.60658646,6.49389514376514,6.61463043788325,2.94988316217692,68.6568796653821,153.990783322104,14.5651827591608,205.733179363636,405931.849530992,1.33600969438088,8.67590686636315,0.653
TinyLlama-1.1B-Chat-v1.0-GGUF_Q5_K_M,self-hosted,Server CPU,0.257348138471587,303831,2301.73485636711,2301734.85636711,7.57570773346733,7.71936663039921,3.62264280223971,76.5097623426083,132.000868457779,13.0702275027601,204.154682919708,469909.949766867,1.5466162102184,11.7167123844575,0.764
phi-2-GGUF_Q4_K_M,self-hosted,Server CPU,0.310254735467015,240384,4042.68856239319,4042688.56239319,16.817627472682,17.8073432674233,7.93614278605395,139.748023881532,59.4614193722847,7.15573624746013,208.335394666667,842235.117160604,3.50370705687818,58.9240400559843,1.79
phi-2-GGUF_Q5_K_M,self-hosted,Server CPU,0.322011757021554,240376,4375.36205434799,4375362.05434799,18.2021585114487,19.3040007928848,8.93154401612792,145.450404424412,54.9385392601117,6.87519573394986,208.541835541818,912446.033973751,3.79591154680064,69.0937836703037,2.07
Llama-3.2-1B-Instruct-GGUF_F16,self-hosted,Server CPU,0.353363814500326,233871,1163.11522245407,1163115.22245407,4.97331957555264,5.03007918108022,3.16580730021959,108.401957809869,201.07294228903,9.22492563975592,203.875411769231,237130.594912884,1.01393757632577,5.04263559672935,2.48
Llama-3.2-1B-Instruct-GGUF_Q4_K_M,self-hosted,Server CPU,0.342259960809928,233714,1146.96692466736,1146966.92466736,4.90756619058918,4.76856004552058,3.58445915929168,76.5114426094873,203.766991857922,13.0699404676498,206.323722727273,236646.485742421,1.01254732597286,4.96914302331588,0.789
Llama-3.2-1B-Instruct-GGUF_Q5_K_M,self-hosted,Server CPU,0.348791639451339,233717,1370.6536064148,1370653.6064148,5.86458668567026,5.67631155504136,4.3080561332223,89.6604176756236,170.515000220465,11.1531936379979,205.89507476087,282210.82676403,1.20748951408768,7.08142692740504,0.891
Llama-3.2-3B-Instruct-GGUF_F16,self-hosted,Server CPU,0.497060744611365,233725,2332.5571641922,2332557.1641922,9.97992154965109,10.0947803856762,6.71110884160832,197.8267195371,100.201188458737,5.0549288910008,207.765585373134,484625.104634691,2.07348424274122,20.693210076995,6.43
Llama-3.2-3B-Instruct-GGUF_Q4_K_M,self-hosted,Server CPU,0.495101241018942,233837,2558.79690313339,2558796.90313339,10.9426519461565,10.8772779023688,8.16121043011783,163.28179677243,91.3855256404497,6.1243814054406,211.994019380117,542449.640272644,2.31977676874337,25.3845097731382,2.02
Llama-3.2-3B-Instruct-GGUF_Q5_K_M,self-hosted,Server CPU,0.491182233834095,233691,3066.34609699249,3066346.09699249,13.1213700869631,13.0025198040614,10.1975109405018,171.877838140671,76.2115536237761,5.8180857451882,214.836241463415,658762.270503878,2.81894583233363,36.9884315211518,2.32
